path,scientific,tier,lat,lon,taken_at,source,kind
/Volumes/Media/bird/Red-Tailed-Hawk/DSC02897.ARW,Buteo jamaicensis,own,,,2025-12-24T16:41:44-07:00,folder:Red-Tailed-Hawk,bird
/Volumes/Media/bird/Red-Tailed-Hawk/DSC02898.ARW,Buteo jamaicensis,own,,,2025-12-24T16:41:44-07:00,folder:Red-Tailed-Hawk,bird
/Volumes/Media/bird/Red-Tailed-Hawk/DSC02899.ARW,Buteo jamaicensis,own,,,2025-12-24T16:41:44-07:00,folder:Red-Tailed-Hawk,bird
/Volumes/Media/bird/Red-Tailed-Hawk/DSC02900.ARW,Buteo jamaicensis,own,,,2025-12-24T16:41:46-07:00,folder:Red-Tailed-Hawk,bird
/Volumes/Media/bird/Red-Tailed-Hawk/DSC02901.ARW,Buteo jamaicensis,own,,,2025-12-24T16:41:47-07:00,folder:Red-Tailed-Hawk,bird
/Volumes/Media/bird/Red-Tailed-Hawk/DSC02902.ARW,Buteo jamaicensis,own,,,2025-12-24T16:41:47-07:00,folder:Red-Tailed-Hawk,bird
/Volumes/Media/bird/Red-Tailed-Hawk/DSC02903.ARW,Buteo jamaicensis,own,,,2025-12-24T16:42:06-07:00,folder:Red-Tailed-Hawk,bird
/Volumes/Media/bird/Red-Tailed-Hawk/DSC02904.ARW,Buteo jamaicensis,own,,,2025-12-24T16:42:06-07:00,folder:Red-Tailed-Hawk,bird
/Volumes/Media/bird/Red-Tailed-Hawk/DSC02905.ARW,Buteo jamaicensis,own,,,2025-12-24T16:42:07-07:00,folder:Red-Tailed-Hawk,bird
/Volumes/Media/bird/Red-Tailed-Hawk/DSC02906.ARW,Buteo jamaicensis,own,,,2025-12-24T16:42:07-07:00,folder:Red-Tailed-Hawk,bird
/Volumes/Media/bird/Red-Tailed-Hawk/DSC02907.ARW,Buteo jamaicensis,own,,,2025-12-24T16:42:07-07:00,folder:Red-Tailed-Hawk,bird
/Volumes/Media/bird/Red-Tailed-Hawk/DSC02908.ARW,Buteo jamaicensis,own,,,2025-12-24T16:42:09-07:00,folder:Red-Tailed-Hawk,bird
/Volumes/Media/bird/Red-Tailed-Hawk/DSC02909.ARW,Buteo jamaicensis,own,,,2025-12-24T16:42:09-07:00,folder:Red-Tailed-Hawk,bird
/Volumes/Media/bird/Red-Tailed-Hawk/DSC02910.ARW,Buteo jamaicensis,own,,,2025-12-24T16:42:10-07:00,folder:Red-Tailed-Hawk,bird
/Volumes/Media/bird/Red-Tailed-Hawk/DSC02911.ARW,Buteo jamaicensis,own,,,2025-12-24T16:42:10-07:00,folder:Red-Tailed-Hawk,bird
/Volumes/Media/bird/Red-Tailed-Hawk/DSC02912.ARW,Buteo jamaicensis,own,,,2025-12-24T16:42:11-07:00,folder:Red-Tailed-Hawk,bird
/Volumes/Media/bird/Red-Tailed-Hawk/DSC02913.ARW,Buteo jamaicensis,own,,,2025-12-24T16:42:11-07:00,folder:Red-Tailed-Hawk,bird
/Volumes/Media/bird/Red-Tailed-Hawk/DSC02914.ARW,Buteo jamaicensis,own,,,2025-12-24T16:42:11-07:00,folder:Red-Tailed-Hawk,bird
/Volumes/Media/bird/Red-Tailed-Hawk/DSC02915.ARW,Buteo jamaicensis,own,,,2025-12-24T16:42:11-07:00,folder:Red-Tailed-Hawk,bird
/Volumes/Media/bird/Red-Tailed-Hawk/DSC02916.ARW,Buteo jamaicensis,own,,,2025-12-24T16:42:15-07:00,folder:Red-Tailed-Hawk,bird
/Volumes/Media/bird/Red-Tailed-Hawk/DSC02917.ARW,Buteo jamaicensis,own,,,2025-12-24T16:42:15-07:00,folder:Red-Tailed-Hawk,bird
/Volumes/Media/bird/Red-Tailed-Hawk/DSC02918.ARW,Buteo jamaicensis,own,,,2025-12-24T16:42:15-07:00,folder:Red-Tailed-Hawk,bird
/Volumes/Media/bird/Red-Tailed-Hawk/DSC02919.ARW,Buteo jamaicensis,own,,,2025-12-24T16:42:15-07:00,folder:Red-Tailed-Hawk,bird
/Volumes/Media/bird/Red-Tailed-Hawk/DSC02920.ARW,Buteo jamaicensis,own,,,2025-12-24T16:42:16-07:00,folder:Red-Tailed-Hawk,bird
/Volumes/Media/bird/Red-Tailed-Hawk/DSC02921.ARW,Buteo jamaicensis,own,,,2025-12-24T16:42:23-07:00,folder:Red-Tailed-Hawk,bird
/Volumes/Media/bird/Red-Tailed-Hawk/DSC02922.ARW,Buteo jamaicensis,own,,,2025-12-24T16:42:23-07:00,folder:Red-Tailed-Hawk,bird
/Volumes/Media/bird/Red-Tailed-Hawk/DSC02923.ARW,Buteo jamaicensis,own,,,2025-12-24T16:42:24-07:00,folder:Red-Tailed-Hawk,bird
/Volumes/Media/bird/Red-Tailed-Hawk/DSC02924.ARW,Buteo jamaicensis,own,,,2025-12-24T16:42:26-07:00,folder:Red-Tailed-Hawk,bird
/Volumes/Media/bird/Red-Tailed-Hawk/DSC02925.ARW,Buteo jamaicensis,own,,,2025-12-24T16:42:26-07:00,folder:Red-Tailed-Hawk,bird
/Volumes/Media/bird/Red-Tailed-Hawk/DSC02926.ARW,Buteo jamaicensis,own,,,2025-12-24T16:42:26-07:00,folder:Red-Tailed-Hawk,bird
/Volumes/Media/bird/Red-Tailed-Hawk/DSC02927.ARW,Buteo jamaicensis,own,,,2025-12-24T16:42:32-07:00,folder:Red-Tailed-Hawk,bird
/Volumes/Media/bird/Red-Tailed-Hawk/DSC02928.ARW,Buteo jamaicensis,own,,,2025-12-24T16:42:32-07:00,folder:Red-Tailed-Hawk,bird
/Volumes/Media/bird/Red-Tailed-Hawk/DSC02929.ARW,Buteo jamaicensis,own,,,2025-12-24T16:42:32-07:00,folder:Red-Tailed-Hawk,bird
/Volumes/Media/bird/Red-Tailed-Hawk/DSC02930.ARW,Buteo jamaicensis,own,,,2025-12-24T16:42:35-07:00,folder:Red-Tailed-Hawk,bird
/Volumes/Media/bird/Red-Tailed-Hawk/DSC02931.ARW,Buteo jamaicensis,own,,,2025-12-24T16:42:35-07:00,folder:Red-Tailed-Hawk,bird
/Volumes/Media/bird/Red-Tailed-Hawk/DSC02932.ARW,Buteo jamaicensis,own,,,2025-12-24T16:42:35-07:00,folder:Red-Tailed-Hawk,bird
/Volumes/Media/bird/Red-Tailed-Hawk/DSC02933.ARW,Buteo jamaicensis,own,,,2025-12-24T16:42:35-07:00,folder:Red-Tailed-Hawk,bird
/Volumes/Media/bird/Red-Tailed-Hawk/DSC02934.ARW,Buteo jamaicensis,own,,,2025-12-24T16:42:38-07:00,folder:Red-Tailed-Hawk,bird
/Volumes/Media/bird/Red-Tailed-Hawk/DSC02935.ARW,Buteo jamaicensis,own,,,2025-12-24T16:42:38-07:00,folder:Red-Tailed-Hawk,bird
/Volumes/Media/bird/Red-Tailed-Hawk/DSC02936-Enhanced-NR.dng,Buteo jamaicensis,own,,,2025-12-24T16:42:39-07:00,folder:Red-Tailed-Hawk,bird
/Volumes/Media/bird/Red-Tailed-Hawk/DSC02936.ARW,Buteo jamaicensis,own,,,2025-12-24T16:42:39-07:00,folder:Red-Tailed-Hawk,bird
/Volumes/Media/bird/Red-Tailed-Hawk/DSC02937.ARW,Buteo jamaicensis,own,,,2025-12-24T16:42:40-07:00,folder:Red-Tailed-Hawk,bird
/Volumes/Media/bird/Red-Tailed-Hawk/DSC02938.ARW,Buteo jamaicensis,own,,,2025-12-24T16:42:40-07:00,folder:Red-Tailed-Hawk,bird
/Volumes/Media/bird/Red-Tailed-Hawk/DSC02939.ARW,Buteo jamaicensis,own,,,2025-12-24T16:42:40-07:00,folder:Red-Tailed-Hawk,bird
/Volumes/Media/bird/Red-Tailed-Hawk/DSC02940.ARW,Buteo jamaicensis,own,,,2025-12-24T16:42:41-07:00,folder:Red-Tailed-Hawk,bird
/Volumes/Media/bird/Red-Tailed-Hawk/DSC02941.ARW,Buteo jamaicensis,own,,,2025-12-24T16:42:41-07:00,folder:Red-Tailed-Hawk,bird
/Volumes/Media/bird/Red-Tailed-Hawk/DSC02942.ARW,Buteo jamaicensis,own,,,2025-12-24T16:48:42-07:00,folder:Red-Tailed-Hawk,bird
/Volumes/Media/bird/Red-Tailed-Hawk/DSC02943.ARW,Buteo jamaicensis,own,,,2025-12-24T16:48:42-07:00,folder:Red-Tailed-Hawk,bird
/Volumes/Media/bird/Red-Tailed-Hawk/DSC02944.ARW,Buteo jamaicensis,own,,,2025-12-24T16:48:42-07:00,folder:Red-Tailed-Hawk,bird
/Volumes/Media/bird/Red-Tailed-Hawk/DSC02945.ARW,Buteo jamaicensis,own,,,2025-12-24T16:48:57-07:00,folder:Red-Tailed-Hawk,bird
/Volumes/Media/bird/Red-Tailed-Hawk/DSC02946.ARW,Buteo jamaicensis,own,,,2025-12-24T16:48:57-07:00,folder:Red-Tailed-Hawk,bird
/Volumes/Media/bird/Red-Tailed-Hawk/DSC02947.ARW,Buteo jamaicensis,own,,,2025-12-24T16:49:00-07:00,folder:Red-Tailed-Hawk,bird
/Volumes/Media/bird/Red-Tailed-Hawk/DSC02948.ARW,Buteo jamaicensis,own,,,2025-12-24T16:49:01-07:00,folder:Red-Tailed-Hawk,bird
/Volumes/Media/bird/Red-Tailed-Hawk/DSC02949.ARW,Buteo jamaicensis,own,,,2025-12-24T16:49:04-07:00,folder:Red-Tailed-Hawk,bird
/Volumes/Media/bird/Red-Tailed-Hawk/DSC02950.ARW,Buteo jamaicensis,own,,,2025-12-24T16:49:04-07:00,folder:Red-Tailed-Hawk,bird
/Volumes/Media/bird/Red-Tailed-Hawk/DSC02951.ARW,Buteo jamaicensis,own,,,2025-12-24T16:49:15-07:00,folder:Red-Tailed-Hawk,bird
/Volumes/Media/bird/Red-Tailed-Hawk/DSC02952.ARW,Buteo jamaicensis,own,,,2025-12-24T16:49:15-07:00,folder:Red-Tailed-Hawk,bird
/Volumes/Media/bird/Red-Tailed-Hawk/DSC02953.ARW,Buteo jamaicensis,own,,,2025-12-24T17:04:58-07:00,folder:Red-Tailed-Hawk,bird
/Volumes/Media/bird/Red-Tailed-Hawk/DSC02954.ARW,Buteo jamaicensis,own,,,2025-12-24T17:04:58-07:00,folder:Red-Tailed-Hawk,bird
/Volumes/Media/bird/Red-Tailed-Hawk/DSC02955.ARW,Buteo jamaicensis,own,,,2025-12-24T17:04:58-07:00,folder:Red-Tailed-Hawk,bird
/Volumes/Media/bird/Red-Tailed-Hawk/DSC02956.ARW,Buteo jamaicensis,own,,,2025-12-24T17:05:06-07:00,folder:Red-Tailed-Hawk,bird
/Volumes/Media/bird/Red-Tailed-Hawk/DSC02957.ARW,Buteo jamaicensis,own,,,2025-12-24T17:05:06-07:00,folder:Red-Tailed-Hawk,bird
/Volumes/Media/bird/Red-Tailed-Hawk/DSC02958.ARW,Buteo jamaicensis,own,,,2025-12-24T17:05:07-07:00,folder:Red-Tailed-Hawk,bird
/Volumes/Media/bird/Red-Tailed-Hawk/DSC02959.ARW,Buteo jamaicensis,own,,,2025-12-24T17:05:07-07:00,folder:Red-Tailed-Hawk,bird
/Volumes/Media/bird/Red-Tailed-Hawk/DSC02960.ARW,Buteo jamaicensis,own,,,2025-12-24T17:05:07-07:00,folder:Red-Tailed-Hawk,bird
/Volumes/Media/bird/Red-Tailed-Hawk/DSC02962.ARW,Buteo jamaicensis,own,,,2025-12-24T17:38:26-07:00,folder:Red-Tailed-Hawk,bird
/Volumes/Media/bird/Red-Tailed-Hawk/DSC02969.ARW,Buteo jamaicensis,own,,,2025-12-24T17:38:41-07:00,folder:Red-Tailed-Hawk,bird
/Volumes/Media/bird/Red-Tailed-Hawk/DSC02970.ARW,Buteo jamaicensis,own,,,2025-12-24T17:38:52-07:00,folder:Red-Tailed-Hawk,bird
/Volumes/Media/bird/Red-Tailed-Hawk/DSC02971.ARW,Buteo jamaicensis,own,,,2025-12-24T17:38:52-07:00,folder:Red-Tailed-Hawk,bird
/Volumes/Media/bird/Red-Tailed-Hawk/DSC02972.ARW,Buteo jamaicensis,own,,,2025-12-24T17:38:52-07:00,folder:Red-Tailed-Hawk,bird
/Volumes/Media/bird/Red-Tailed-Hawk/DSC02974.ARW,Buteo jamaicensis,own,,,2025-12-24T17:38:59-07:00,folder:Red-Tailed-Hawk,bird
/Volumes/Media/bird/Red-Tailed-Hawk/DSC02975.ARW,Buteo jamaicensis,own,,,2025-12-24T17:38:59-07:00,folder:Red-Tailed-Hawk,bird
/Volumes/Media/bird/Red-Tailed-Hawk/DSC02976.ARW,Buteo jamaicensis,own,,,2025-12-24T17:39:00-07:00,folder:Red-Tailed-Hawk,bird
/Volumes/Media/bird/Red-Tailed-Hawk/DSC02977.ARW,Buteo jamaicensis,own,,,2025-12-24T17:39:00-07:00,folder:Red-Tailed-Hawk,bird
/Volumes/Media/bird/Red-Tailed-Hawk/DSC02978.ARW,Buteo jamaicensis,own,,,2025-12-24T17:39:07-07:00,folder:Red-Tailed-Hawk,bird
/Volumes/Media/bird/Red-Tailed-Hawk/DSC02979-Enhanced-NR.dng,Buteo jamaicensis,own,,,2025-12-24T17:39:07-07:00,folder:Red-Tailed-Hawk,bird
/Volumes/Media/bird/Red-Tailed-Hawk/DSC02980.ARW,Buteo jamaicensis,own,,,2025-12-24T17:42:27-07:00,folder:Red-Tailed-Hawk,bird
/Volumes/Media/bird/Red-Tailed-Hawk/DSC02981.ARW,Buteo jamaicensis,own,,,2025-12-24T17:42:27-07:00,folder:Red-Tailed-Hawk,bird
/Volumes/Media/bird/Red-Tailed-Hawk/DSC02982.ARW,Buteo jamaicensis,own,,,2025-12-24T17:42:27-07:00,folder:Red-Tailed-Hawk,bird
/Volumes/Media/bird/Red-Tailed-Hawk/DSC02983.ARW,Buteo jamaicensis,own,,,2025-12-24T17:42:33-07:00,folder:Red-Tailed-Hawk,bird
/Volumes/Media/bird/Red-Tailed-Hawk/DSC02985.ARW,Buteo jamaicensis,own,,,2025-12-24T17:42:34-07:00,folder:Red-Tailed-Hawk,bird
/Volumes/Media/bird/Red-Tailed-Hawk/DSC02986.ARW,Buteo jamaicensis,own,,,2025-12-24T17:44:30-07:00,folder:Red-Tailed-Hawk,bird
/Volumes/Media/bird/Red-Tailed-Hawk/DSC02987.ARW,Buteo jamaicensis,own,,,2025-12-24T17:44:30-07:00,folder:Red-Tailed-Hawk,bird
/Volumes/Media/bird/Red-Tailed-Hawk/DSC02988.ARW,Buteo jamaicensis,own,,,2025-12-24T17:44:31-07:00,folder:Red-Tailed-Hawk,bird
/Volumes/Media/bird/Red-Tailed-Hawk/DSC02989.ARW,Buteo jamaicensis,own,,,2025-12-24T17:44:31-07:00,folder:Red-Tailed-Hawk,bird
/Volumes/Media/bird/Steller's Jay/DSC02868.ARW,Cyanocitta stelleri,own,,,2025-12-24T16:36:56-07:00,folder:Steller's Jay,bird
/Volumes/Media/bird/Steller's Jay/DSC02869.ARW,Cyanocitta stelleri,own,,,2025-12-24T16:36:56-07:00,folder:Steller's Jay,bird
/Volumes/Media/bird/Steller's Jay/DSC02870.ARW,Cyanocitta stelleri,own,,,2025-12-24T16:36:56-07:00,folder:Steller's Jay,bird
/Volumes/Media/bird/Steller's Jay/DSC02871.ARW,Cyanocitta stelleri,own,,,2025-12-24T16:36:56-07:00,folder:Steller's Jay,bird
/Volumes/Media/bird/Steller's Jay/DSC02872.ARW,Cyanocitta stelleri,own,,,2025-12-24T16:36:57-07:00,folder:Steller's Jay,bird
/Volumes/Media/bird/Steller's Jay/DSC02873.ARW,Cyanocitta stelleri,own,,,2025-12-24T16:36:58-07:00,folder:Steller's Jay,bird
/Volumes/Media/bird/Steller's Jay/DSC02874.ARW,Cyanocitta stelleri,own,,,2025-12-24T16:36:58-07:00,folder:Steller's Jay,bird
/Volumes/Media/bird/Steller's Jay/DSC02875-Enhanced-NR.dng,Cyanocitta stelleri,own,,,2025-12-24T16:36:58-07:00,folder:Steller's Jay,bird
/Volumes/Media/bird/Steller's Jay/DSC02875.ARW,Cyanocitta stelleri,own,,,2025-12-24T16:36:58-07:00,folder:Steller's Jay,bird
/Volumes/Media/bird/Steller's Jay/DSC02876.ARW,Cyanocitta stelleri,own,,,2025-12-24T16:37:06-07:00,folder:Steller's Jay,bird
/Volumes/Media/bird/Steller's Jay/DSC02877.ARW,Cyanocitta stelleri,own,,,2025-12-24T16:37:06-07:00,folder:Steller's Jay,bird
/Volumes/Media/bird/Steller's Jay/DSC02878.ARW,Cyanocitta stelleri,own,,,2025-12-24T16:37:06-07:00,folder:Steller's Jay,bird
/Volumes/Media/bird/Steller's Jay/DSC02879.ARW,Cyanocitta stelleri,own,,,2025-12-24T16:37:08-07:00,folder:Steller's Jay,bird
/Volumes/Media/bird/Steller's Jay/DSC02880.ARW,Cyanocitta stelleri,own,,,2025-12-24T16:37:08-07:00,folder:Steller's Jay,bird
/Volumes/Media/bird/Steller's Jay/DSC02881.ARW,Cyanocitta stelleri,own,,,2025-12-24T16:37:08-07:00,folder:Steller's Jay,bird
/Volumes/Media/bird/Steller's Jay/DSC02882.ARW,Cyanocitta stelleri,own,,,2025-12-24T16:37:08-07:00,folder:Steller's Jay,bird
/Volumes/Media/bird/Steller's Jay/DSC02883.ARW,Cyanocitta stelleri,own,,,2025-12-24T16:37:08-07:00,folder:Steller's Jay,bird
/Volumes/Media/bird/Steller's Jay/DSC02884.ARW,Cyanocitta stelleri,own,,,2025-12-24T16:37:13-07:00,folder:Steller's Jay,bird
/Volumes/Media/bird/Steller's Jay/DSC02885.ARW,Cyanocitta stelleri,own,,,2025-12-24T16:37:13-07:00,folder:Steller's Jay,bird
/Volumes/Media/bird/Steller's Jay/DSC02886.ARW,Cyanocitta stelleri,own,,,2025-12-24T16:37:13-07:00,folder:Steller's Jay,bird
/Volumes/Media/bird/Steller's Jay/DSC02887.ARW,Cyanocitta stelleri,own,,,2025-12-24T16:37:13-07:00,folder:Steller's Jay,bird
/Volumes/Media/bird/Steller's Jay/DSC02888.ARW,Cyanocitta stelleri,own,,,2025-12-24T16:37:13-07:00,folder:Steller's Jay,bird
/Volumes/Media/bird/Steller's Jay/DSC02889.ARW,Cyanocitta stelleri,own,,,2025-12-24T16:37:14-07:00,folder:Steller's Jay,bird
/Volumes/Media/bird/Steller's Jay/DSC02890.ARW,Cyanocitta stelleri,own,,,2025-12-24T16:37:14-07:00,folder:Steller's Jay,bird
/Volumes/Media/bird/Steller's Jay/DSC02891.ARW,Cyanocitta stelleri,own,,,2025-12-24T16:37:15-07:00,folder:Steller's Jay,bird
/Volumes/Media/bird/Steller's Jay/DSC02892.ARW,Cyanocitta stelleri,own,,,2025-12-24T16:37:15-07:00,folder:Steller's Jay,bird
/Volumes/Media/bird/Steller's Jay/DSC02893.ARW,Cyanocitta stelleri,own,,,2025-12-24T16:37:16-07:00,folder:Steller's Jay,bird
/Volumes/Media/bird/Steller's Jay/DSC02894-Enhanced-NR.dng,Cyanocitta stelleri,own,,,2025-12-24T16:37:28-07:00,folder:Steller's Jay,bird
/Volumes/Media/bird/Steller's Jay/DSC02894.ARW,Cyanocitta stelleri,own,,,2025-12-24T16:37:28-07:00,folder:Steller's Jay,bird
/Volumes/Media/bird/Steller's Jay/DSC02895.ARW,Cyanocitta stelleri,own,,,2025-12-24T16:37:29-07:00,folder:Steller's Jay,bird
/Volumes/Media/bird/Steller's Jay/DSC02896.ARW,Cyanocitta stelleri,own,,,2025-12-24T16:37:29-07:00,folder:Steller's Jay,bird
/Volumes/Media/bird/Western-Screech-Owl/DSC02558.ARW,Megascops kennicottii,own,,,2025-12-24T16:07:25-07:00,folder:Western-Screech-Owl,bird
/Volumes/Media/bird/Western-Screech-Owl/DSC02559.ARW,Megascops kennicottii,own,,,2025-12-24T16:07:27-07:00,folder:Western-Screech-Owl,bird
/Volumes/Media/bird/Western-Screech-Owl/DSC02560.ARW,Megascops kennicottii,own,,,2025-12-24T16:07:29-07:00,folder:Western-Screech-Owl,bird
/Volumes/Media/bird/Western-Screech-Owl/DSC02561.ARW,Megascops kennicottii,own,,,2025-12-24T16:07:31-07:00,folder:Western-Screech-Owl,bird
/Volumes/Media/bird/Western-Screech-Owl/DSC02562.ARW,Megascops kennicottii,own,,,2025-12-24T16:07:33-07:00,folder:Western-Screech-Owl,bird
/Volumes/Media/bird/Western-Screech-Owl/DSC02563.ARW,Megascops kennicottii,own,,,2025-12-24T16:07:35-07:00,folder:Western-Screech-Owl,bird
/Volumes/Media/bird/Western-Screech-Owl/DSC02565.ARW,Megascops kennicottii,own,,,2025-12-24T16:07:39-07:00,folder:Western-Screech-Owl,bird
/Volumes/Media/bird/Western-Screech-Owl/DSC02566.ARW,Megascops kennicottii,own,,,2025-12-24T16:07:48-07:00,folder:Western-Screech-Owl,bird
/Volumes/Media/bird/Western-Screech-Owl/DSC02567.ARW,Megascops kennicottii,own,,,2025-12-24T16:08:06-07:00,folder:Western-Screech-Owl,bird
/Volumes/Media/bird/Western-Screech-Owl/DSC02568.ARW,Megascops kennicottii,own,,,2025-12-24T16:08:07-07:00,folder:Western-Screech-Owl,bird
/Volumes/Media/bird/Western-Screech-Owl/DSC02569.ARW,Megascops kennicottii,own,,,2025-12-24T16:08:08-07:00,folder:Western-Screech-Owl,bird
/Volumes/Media/bird/Western-Screech-Owl/DSC02570.ARW,Megascops kennicottii,own,,,2025-12-24T16:08:09-07:00,folder:Western-Screech-Owl,bird
/Volumes/Media/bird/Western-Screech-Owl/DSC02571.ARW,Megascops kennicottii,own,,,2025-12-24T16:08:10-07:00,folder:Western-Screech-Owl,bird
/Volumes/Media/bird/Western-Screech-Owl/DSC02572.ARW,Megascops kennicottii,own,,,2025-12-24T16:08:11-07:00,folder:Western-Screech-Owl,bird
/Volumes/Media/bird/Western-Screech-Owl/DSC02573.ARW,Megascops kennicottii,own,,,2025-12-24T16:08:12-07:00,folder:Western-Screech-Owl,bird
/Volumes/Media/bird/Western-Screech-Owl/DSC02574.ARW,Megascops kennicottii,own,,,2025-12-24T16:08:13-07:00,folder:Western-Screech-Owl,bird
/Volumes/Media/bird/Western-Screech-Owl/DSC02575.ARW,Megascops kennicottii,own,,,2025-12-24T16:08:14-07:00,folder:Western-Screech-Owl,bird
/Volumes/Media/bird/Western-Screech-Owl/DSC02576.ARW,Megascops kennicottii,own,,,2025-12-24T16:08:15-07:00,folder:Western-Screech-Owl,bird
/Volumes/Media/bird/Western-Screech-Owl/DSC02577.ARW,Megascops kennicottii,own,,,2025-12-24T16:08:16-07:00,folder:Western-Screech-Owl,bird
/Volumes/Media/bird/Western-Screech-Owl/DSC02578.ARW,Megascops kennicottii,own,,,2025-12-24T16:08:17-07:00,folder:Western-Screech-Owl,bird
/Volumes/Media/bird/Western-Screech-Owl/DSC02579.ARW,Megascops kennicottii,own,,,2025-12-24T16:08:18-07:00,folder:Western-Screech-Owl,bird
/Volumes/Media/bird/Western-Screech-Owl/DSC02581.ARW,Megascops kennicottii,own,,,2025-12-24T16:08:20-07:00,folder:Western-Screech-Owl,bird
/Volumes/Media/bird/Western-Screech-Owl/DSC02582.ARW,Megascops kennicottii,own,,,2025-12-24T16:08:21-07:00,folder:Western-Screech-Owl,bird
/Volumes/Media/bird/Western-Screech-Owl/DSC02583.ARW,Megascops kennicottii,own,,,2025-12-24T16:08:22-07:00,folder:Western-Screech-Owl,bird
/Volumes/Media/bird/Western-Screech-Owl/DSC02584.ARW,Megascops kennicottii,own,,,2025-12-24T16:08:23-07:00,folder:Western-Screech-Owl,bird
/Volumes/Media/bird/Western-Screech-Owl/DSC02585.ARW,Megascops kennicottii,own,,,2025-12-24T16:08:24-07:00,folder:Western-Screech-Owl,bird
/Volumes/Media/bird/Western-Screech-Owl/DSC02586.ARW,Megascops kennicottii,own,,,2025-12-24T16:08:25-07:00,folder:Western-Screech-Owl,bird
/Volumes/Media/bird/Western-Screech-Owl/DSC02587.ARW,Megascops kennicottii,own,,,2025-12-24T16:08:26-07:00,folder:Western-Screech-Owl,bird
/Volumes/Media/bird/Western-Screech-Owl/DSC02588.ARW,Megascops kennicottii,own,,,2025-12-24T16:08:27-07:00,folder:Western-Screech-Owl,bird
/Volumes/Media/bird/Western-Screech-Owl/DSC02589.ARW,Megascops kennicottii,own,,,2025-12-24T16:08:28-07:00,folder:Western-Screech-Owl,bird
/Volumes/Media/bird/Western-Screech-Owl/DSC02590.ARW,Megascops kennicottii,own,,,2025-12-24T16:08:29-07:00,folder:Western-Screech-Owl,bird
/Volumes/Media/bird/Western-Screech-Owl/DSC02591.ARW,Megascops kennicottii,own,,,2025-12-24T16:08:30-07:00,folder:Western-Screech-Owl,bird
/Volumes/Media/bird/Western-Screech-Owl/DSC02592.ARW,Megascops kennicottii,own,,,2025-12-24T16:08:31-07:00,folder:Western-Screech-Owl,bird
/Volumes/Media/bird/Western-Screech-Owl/DSC02593.ARW,Megascops kennicottii,own,,,2025-12-24T16:08:32-07:00,folder:Western-Screech-Owl,bird
/Volumes/Media/bird/Western-Screech-Owl/DSC02594.ARW,Megascops kennicottii,own,,,2025-12-24T16:08:33-07:00,folder:Western-Screech-Owl,bird
/Volumes/Media/bird/Western-Screech-Owl/DSC02595.ARW,Megascops kennicottii,own,,,2025-12-24T16:08:34-07:00,folder:Western-Screech-Owl,bird
/Volumes/Media/bird/Western-Screech-Owl/DSC02596.ARW,Megascops kennicottii,own,,,2025-12-24T16:08:35-07:00,folder:Western-Screech-Owl,bird
/Volumes/Media/bird/Western-Screech-Owl/DSC02597.ARW,Megascops kennicottii,own,,,2025-12-24T16:08:36-07:00,folder:Western-Screech-Owl,bird
/Volumes/Media/bird/Western-Screech-Owl/DSC02598.ARW,Megascops kennicottii,own,,,2025-12-24T16:08:37-07:00,folder:Western-Screech-Owl,bird
/Volumes/Media/bird/Western-Screech-Owl/DSC02599.ARW,Megascops kennicottii,own,,,2025-12-24T16:08:39-07:00,folder:Western-Screech-Owl,bird
/Volumes/Media/bird/Western-Screech-Owl/DSC02600.ARW,Megascops kennicottii,own,,,2025-12-24T16:08:39-07:00,folder:Western-Screech-Owl,bird
/Volumes/Media/bird/Western-Screech-Owl/DSC02601.ARW,Megascops kennicottii,own,,,2025-12-24T16:08:41-07:00,folder:Western-Screech-Owl,bird
/Volumes/Media/bird/Western-Screech-Owl/DSC02602.ARW,Megascops kennicottii,own,,,2025-12-24T16:08:41-07:00,folder:Western-Screech-Owl,bird
/Volumes/Media/bird/Western-Screech-Owl/DSC02603.ARW,Megascops kennicottii,own,,,2025-12-24T16:08:43-07:00,folder:Western-Screech-Owl,bird
/Volumes/Media/bird/Western-Screech-Owl/DSC02605.ARW,Megascops kennicottii,own,,,2025-12-24T16:08:45-07:00,folder:Western-Screech-Owl,bird
/Volumes/Media/bird/Western-Screech-Owl/DSC02606.ARW,Megascops kennicottii,own,,,2025-12-24T16:08:46-07:00,folder:Western-Screech-Owl,bird
/Volumes/Media/bird/Western-Screech-Owl/DSC02607.ARW,Megascops kennicottii,own,,,2025-12-24T16:08:47-07:00,folder:Western-Screech-Owl,bird
/Volumes/Media/bird/Western-Screech-Owl/DSC02608.ARW,Megascops kennicottii,own,,,2025-12-24T16:08:48-07:00,folder:Western-Screech-Owl,bird
/Volumes/Media/bird/Western-Screech-Owl/DSC02609.ARW,Megascops kennicottii,own,,,2025-12-24T16:08:49-07:00,folder:Western-Screech-Owl,bird
/Volumes/Media/bird/Western-Screech-Owl/DSC02610.ARW,Megascops kennicottii,own,,,2025-12-24T16:08:50-07:00,folder:Western-Screech-Owl,bird
/Volumes/Media/bird/Western-Screech-Owl/DSC02611.ARW,Megascops kennicottii,own,,,2025-12-24T16:08:51-07:00,folder:Western-Screech-Owl,bird
/Volumes/Media/bird/Western-Screech-Owl/DSC02612.ARW,Megascops kennicottii,own,,,2025-12-24T16:08:52-07:00,folder:Western-Screech-Owl,bird
/Volumes/Media/bird/Western-Screech-Owl/DSC02613.ARW,Megascops kennicottii,own,,,2025-12-24T16:08:53-07:00,folder:Western-Screech-Owl,bird
/Volumes/Media/bird/Western-Screech-Owl/DSC02614.ARW,Megascops kennicottii,own,,,2025-12-24T16:08:54-07:00,folder:Western-Screech-Owl,bird
/Volumes/Media/bird/Western-Screech-Owl/DSC02615.ARW,Megascops kennicottii,own,,,2025-12-24T16:08:55-07:00,folder:Western-Screech-Owl,bird
/Volumes/Media/bird/Western-Screech-Owl/DSC02616.ARW,Megascops kennicottii,own,,,2025-12-24T16:08:56-07:00,folder:Western-Screech-Owl,bird
/Volumes/Media/bird/Western-Screech-Owl/DSC02617.ARW,Megascops kennicottii,own,,,2025-12-24T16:08:57-07:00,folder:Western-Screech-Owl,bird
/Volumes/Media/bird/Western-Screech-Owl/DSC02618.ARW,Megascops kennicottii,own,,,2025-12-24T16:08:58-07:00,folder:Western-Screech-Owl,bird
/Volumes/Media/bird/Western-Screech-Owl/DSC02619.ARW,Megascops kennicottii,own,,,2025-12-24T16:08:59-07:00,folder:Western-Screech-Owl,bird
/Volumes/Media/bird/Western-Screech-Owl/DSC02620.ARW,Megascops kennicottii,own,,,2025-12-24T16:09:00-07:00,folder:Western-Screech-Owl,bird
/Volumes/Media/bird/Western-Screech-Owl/DSC02621.ARW,Megascops kennicottii,own,,,2025-12-24T16:09:01-07:00,folder:Western-Screech-Owl,bird
/Volumes/Media/bird/Western-Screech-Owl/DSC02622.ARW,Megascops kennicottii,own,,,2025-12-24T16:09:02-07:00,folder:Western-Screech-Owl,bird
/Volumes/Media/bird/Western-Screech-Owl/DSC02623.ARW,Megascops kennicottii,own,,,2025-12-24T16:09:03-07:00,folder:Western-Screech-Owl,bird
/Volumes/Media/bird/Western-Screech-Owl/DSC02624.ARW,Megascops kennicottii,own,,,2025-12-24T16:09:04-07:00,folder:Western-Screech-Owl,bird
/Volumes/Media/bird/Western-Screech-Owl/DSC02625.ARW,Megascops kennicottii,own,,,2025-12-24T16:09:05-07:00,folder:Western-Screech-Owl,bird
/Volumes/Media/bird/Western-Screech-Owl/DSC02626.ARW,Megascops kennicottii,own,,,2025-12-24T16:09:06-07:00,folder:Western-Screech-Owl,bird
/Volumes/Media/bird/Western-Screech-Owl/DSC02627.ARW,Megascops kennicottii,own,,,2025-12-24T16:09:07-07:00,folder:Western-Screech-Owl,bird
/Volumes/Media/bird/Western-Screech-Owl/DSC02628.ARW,Megascops kennicottii,own,,,2025-12-24T16:09:08-07:00,folder:Western-Screech-Owl,bird
/Volumes/Media/bird/Western-Screech-Owl/DSC02629.ARW,Megascops kennicottii,own,,,2025-12-24T16:09:09-07:00,folder:Western-Screech-Owl,bird
/Volumes/Media/bird/Western-Screech-Owl/DSC02630.ARW,Megascops kennicottii,own,,,2025-12-24T16:09:10-07:00,folder:Western-Screech-Owl,bird
/Volumes/Media/bird/Western-Screech-Owl/DSC02631.ARW,Megascops kennicottii,own,,,2025-12-24T16:09:11-07:00,folder:Western-Screech-Owl,bird
/Volumes/Media/bird/Western-Screech-Owl/DSC02632.ARW,Megascops kennicottii,own,,,2025-12-24T16:09:12-07:00,folder:Western-Screech-Owl,bird
/Volumes/Media/bird/Western-Screech-Owl/DSC02633.ARW,Megascops kennicottii,own,,,2025-12-24T16:09:13-07:00,folder:Western-Screech-Owl,bird
/Volumes/Media/bird/Western-Screech-Owl/DSC02634.ARW,Megascops kennicottii,own,,,2025-12-24T16:09:14-07:00,folder:Western-Screech-Owl,bird
/Volumes/Media/bird/Western-Screech-Owl/DSC02635.ARW,Megascops kennicottii,own,,,2025-12-24T16:09:15-07:00,folder:Western-Screech-Owl,bird
/Volumes/Media/bird/Western-Screech-Owl/DSC02636.ARW,Megascops kennicottii,own,,,2025-12-24T16:09:16-07:00,folder:Western-Screech-Owl,bird
/Volumes/Media/bird/Western-Screech-Owl/DSC02637.ARW,Megascops kennicottii,own,,,2025-12-24T16:09:17-07:00,folder:Western-Screech-Owl,bird
/Volumes/Media/bird/Western-Screech-Owl/DSC02638.ARW,Megascops kennicottii,own,,,2025-12-24T16:09:18-07:00,folder:Western-Screech-Owl,bird
/Volumes/Media/bird/Western-Screech-Owl/DSC02639.ARW,Megascops kennicottii,own,,,2025-12-24T16:09:19-07:00,folder:Western-Screech-Owl,bird
/Volumes/Media/bird/Western-Screech-Owl/DSC02640.ARW,Megascops kennicottii,own,,,2025-12-24T16:09:20-07:00,folder:Western-Screech-Owl,bird
/Volumes/Media/bird/Western-Screech-Owl/DSC02641.ARW,Megascops kennicottii,own,,,2025-12-24T16:09:21-07:00,folder:Western-Screech-Owl,bird
/Volumes/Media/bird/Western-Screech-Owl/DSC02642.ARW,Megascops kennicottii,own,,,2025-12-24T16:09:22-07:00,folder:Western-Screech-Owl,bird
/Volumes/Media/bird/Western-Screech-Owl/DSC02643.ARW,Megascops kennicottii,own,,,2025-12-24T16:09:23-07:00,folder:Western-Screech-Owl,bird
/Volumes/Media/bird/Western-Screech-Owl/DSC02644.ARW,Megascops kennicottii,own,,,2025-12-24T16:09:24-07:00,folder:Western-Screech-Owl,bird
/Volumes/Media/bird/Western-Screech-Owl/DSC02645.ARW,Megascops kennicottii,own,,,2025-12-24T16:09:25-07:00,folder:Western-Screech-Owl,bird
/Volumes/Media/bird/Western-Screech-Owl/DSC02646.ARW,Megascops kennicottii,own,,,2025-12-24T16:09:26-07:00,folder:Western-Screech-Owl,bird
/Volumes/Media/bird/Western-Screech-Owl/DSC02647.ARW,Megascops kennicottii,own,,,2025-12-24T16:09:27-07:00,folder:Western-Screech-Owl,bird
/Volumes/Media/bird/Western-Screech-Owl/DSC02648.ARW,Megascops kennicottii,own,,,2025-12-24T16:09:28-07:00,folder:Western-Screech-Owl,bird
/Volumes/Media/bird/Western-Screech-Owl/DSC02649.ARW,Megascops kennicottii,own,,,2025-12-24T16:09:29-07:00,folder:Western-Screech-Owl,bird
/Volumes/Media/bird/Western-Screech-Owl/DSC02650.ARW,Megascops kennicottii,own,,,2025-12-24T16:09:30-07:00,folder:Western-Screech-Owl,bird
/Volumes/Media/bird/Western-Screech-Owl/DSC02651.ARW,Megascops kennicottii,own,,,2025-12-24T16:09:31-07:00,folder:Western-Screech-Owl,bird
/Volumes/Media/bird/Western-Screech-Owl/DSC02652.ARW,Megascops kennicottii,own,,,2025-12-24T16:09:32-07:00,folder:Western-Screech-Owl,bird
/Volumes/Media/bird/Western-Screech-Owl/DSC02653.ARW,Megascops kennicottii,own,,,2025-12-24T16:09:33-07:00,folder:Western-Screech-Owl,bird
/Volumes/Media/bird/Western-Screech-Owl/DSC02654.ARW,Megascops kennicottii,own,,,2025-12-24T16:09:34-07:00,folder:Western-Screech-Owl,bird
/Volumes/Media/bird/Western-Screech-Owl/DSC02655.ARW,Megascops kennicottii,own,,,2025-12-24T16:09:35-07:00,folder:Western-Screech-Owl,bird
/Volumes/Media/bird/Western-Screech-Owl/DSC02656.ARW,Megascops kennicottii,own,,,2025-12-24T16:09:36-07:00,folder:Western-Screech-Owl,bird
/Volumes/Media/bird/Western-Screech-Owl/DSC02657.ARW,Megascops kennicottii,own,,,2025-12-24T16:09:37-07:00,folder:Western-Screech-Owl,bird
/Volumes/Media/bird/Western-Screech-Owl/DSC02658.ARW,Megascops kennicottii,own,,,2025-12-24T16:09:38-07:00,folder:Western-Screech-Owl,bird
/Volumes/Media/bird/Western-Screech-Owl/DSC02659.ARW,Megascops kennicottii,own,,,2025-12-24T16:09:39-07:00,folder:Western-Screech-Owl,bird
/Volumes/Media/bird/Western-Screech-Owl/DSC02660.ARW,Megascops kennicottii,own,,,2025-12-24T16:09:40-07:00,folder:Western-Screech-Owl,bird
/Volumes/Media/bird/Western-Screech-Owl/DSC02661.ARW,Megascops kennicottii,own,,,2025-12-24T16:09:41-07:00,folder:Western-Screech-Owl,bird
/Volumes/Media/bird/Western-Screech-Owl/DSC02662.ARW,Megascops kennicottii,own,,,2025-12-24T16:09:42-07:00,folder:Western-Screech-Owl,bird
/Volumes/Media/bird/Western-Screech-Owl/DSC02663.ARW,Megascops kennicottii,own,,,2025-12-24T16:09:43-07:00,folder:Western-Screech-Owl,bird
/Volumes/Media/bird/Western-Screech-Owl/DSC02664.ARW,Megascops kennicottii,own,,,2025-12-24T16:09:44-07:00,folder:Western-Screech-Owl,bird
/Volumes/Media/bird/Western-Screech-Owl/DSC02665.ARW,Megascops kennicottii,own,,,2025-12-24T16:09:45-07:00,folder:Western-Screech-Owl,bird
/Volumes/Media/bird/Western-Screech-Owl/DSC02666.ARW,Megascops kennicottii,own,,,2025-12-24T16:09:46-07:00,folder:Western-Screech-Owl,bird
/Volumes/Media/bird/Western-Screech-Owl/DSC02667.ARW,Megascops kennicottii,own,,,2025-12-24T16:09:47-07:00,folder:Western-Screech-Owl,bird
/Volumes/Media/bird/Western-Screech-Owl/DSC02668.ARW,Megascops kennicottii,own,,,2025-12-24T16:09:48-07:00,folder:Western-Screech-Owl,bird
/Volumes/Media/bird/Western-Screech-Owl/DSC02669.ARW,Megascops kennicottii,own,,,2025-12-24T16:09:49-07:00,folder:Western-Screech-Owl,bird
/Volumes/Media/bird/Western-Screech-Owl/DSC02670.ARW,Megascops kennicottii,own,,,2025-12-24T16:09:50-07:00,folder:Western-Screech-Owl,bird
/Volumes/Media/bird/Western-Screech-Owl/DSC02671.ARW,Megascops kennicottii,own,,,2025-12-24T16:09:51-07:00,folder:Western-Screech-Owl,bird
/Volumes/Media/bird/Western-Screech-Owl/DSC02672.ARW,Megascops kennicottii,own,,,2025-12-24T16:09:52-07:00,folder:Western-Screech-Owl,bird
/Volumes/Media/bird/Western-Screech-Owl/DSC02673.ARW,Megascops kennicottii,own,,,2025-12-24T16:09:53-07:00,folder:Western-Screech-Owl,bird
/Volumes/Media/bird/Western-Screech-Owl/DSC02674.ARW,Megascops kennicottii,own,,,2025-12-24T16:09:54-07:00,folder:Western-Screech-Owl,bird
/Volumes/Media/bird/Western-Screech-Owl/DSC02675.ARW,Megascops kennicottii,own,,,2025-12-24T16:09:55-07:00,folder:Western-Screech-Owl,bird
/Volumes/Media/bird/Western-Screech-Owl/DSC02676.ARW,Megascops kennicottii,own,,,2025-12-24T16:09:56-07:00,folder:Western-Screech-Owl,bird
/Volumes/Media/bird/Western-Screech-Owl/DSC02677.ARW,Megascops kennicottii,own,,,2025-12-24T16:09:57-07:00,folder:Western-Screech-Owl,bird
/Volumes/Media/bird/Western-Screech-Owl/DSC02678.ARW,Megascops kennicottii,own,,,2025-12-24T16:09:58-07:00,folder:Western-Screech-Owl,bird
/Volumes/Media/bird/Western-Screech-Owl/DSC02679.ARW,Megascops kennicottii,own,,,2025-12-24T16:09:59-07:00,folder:Western-Screech-Owl,bird
/Volumes/Media/bird/Western-Screech-Owl/DSC02680.ARW,Megascops kennicottii,own,,,2025-12-24T16:10:00-07:00,folder:Western-Screech-Owl,bird
/Volumes/Media/bird/Western-Screech-Owl/DSC02681.ARW,Megascops kennicottii,own,,,2025-12-24T16:10:01-07:00,folder:Western-Screech-Owl,bird
/Volumes/Media/bird/Western-Screech-Owl/DSC02682.ARW,Megascops kennicottii,own,,,2025-12-24T16:10:02-07:00,folder:Western-Screech-Owl,bird
/Volumes/Media/bird/Western-Screech-Owl/DSC02684.ARW,Megascops kennicottii,own,,,2025-12-24T16:10:04-07:00,folder:Western-Screech-Owl,bird
/Volumes/Media/bird/Western-Screech-Owl/DSC02685.ARW,Megascops kennicottii,own,,,2025-12-24T16:10:05-07:00,folder:Western-Screech-Owl,bird
/Volumes/Media/bird/Western-Screech-Owl/DSC02686.ARW,Megascops kennicottii,own,,,2025-12-24T16:10:06-07:00,folder:Western-Screech-Owl,bird
/Volumes/Media/bird/Western-Screech-Owl/DSC02687.ARW,Megascops kennicottii,own,,,2025-12-24T16:10:07-07:00,folder:Western-Screech-Owl,bird
/Volumes/Media/bird/Western-Screech-Owl/DSC02688.ARW,Megascops kennicottii,own,,,2025-12-24T16:10:08-07:00,folder:Western-Screech-Owl,bird
/Volumes/Media/bird/Western-Screech-Owl/DSC02689.ARW,Megascops kennicottii,own,,,2025-12-24T16:10:09-07:00,folder:Western-Screech-Owl,bird
/Volumes/Media/bird/Western-Screech-Owl/DSC02690.ARW,Megascops kennicottii,own,,,2025-12-24T16:10:10-07:00,folder:Western-Screech-Owl,bird
/Volumes/Media/bird/Western-Screech-Owl/DSC02691.ARW,Megascops kennicottii,own,,,2025-12-24T16:10:11-07:00,folder:Western-Screech-Owl,bird
/Volumes/Media/bird/Western-Screech-Owl/DSC02692.ARW,Megascops kennicottii,own,,,2025-12-24T16:10:12-07:00,folder:Western-Screech-Owl,bird
/Volumes/Media/bird/Western-Screech-Owl/DSC02693.ARW,Megascops kennicottii,own,,,2025-12-24T16:10:13-07:00,folder:Western-Screech-Owl,bird
/Volumes/Media/bird/Western-Screech-Owl/DSC02694.ARW,Megascops kennicottii,own,,,2025-12-24T16:10:14-07:00,folder:Western-Screech-Owl,bird
/Volumes/Media/bird/Western-Screech-Owl/DSC02695.ARW,Megascops kennicottii,own,,,2025-12-24T16:10:15-07:00,folder:Western-Screech-Owl,bird
/Volumes/Media/bird/Western-Screech-Owl/DSC02696.ARW,Megascops kennicottii,own,,,2025-12-24T16:10:16-07:00,folder:Western-Screech-Owl,bird
/Volumes/Media/bird/Western-Screech-Owl/DSC02697.ARW,Megascops kennicottii,own,,,2025-12-24T16:10:17-07:00,folder:Western-Screech-Owl,bird
/Volumes/Media/bird/Western-Screech-Owl/DSC02698.ARW,Megascops kennicottii,own,,,2025-12-24T16:10:18-07:00,folder:Western-Screech-Owl,bird
/Volumes/Media/bird/Western-Screech-Owl/DSC02699.ARW,Megascops kennicottii,own,,,2025-12-24T16:10:19-07:00,folder:Western-Screech-Owl,bird
/Volumes/Media/bird/Western-Screech-Owl/DSC02700.ARW,Megascops kennicottii,own,,,2025-12-24T16:10:20-07:00,folder:Western-Screech-Owl,bird
/Volumes/Media/bird/Western-Screech-Owl/DSC02701.ARW,Megascops kennicottii,own,,,2025-12-24T16:10:21-07:00,folder:Western-Screech-Owl,bird
/Volumes/Media/bird/Western-Screech-Owl/DSC02702.ARW,Megascops kennicottii,own,,,2025-12-24T16:10:22-07:00,folder:Western-Screech-Owl,bird
/Volumes/Media/bird/Western-Screech-Owl/DSC02703.ARW,Megascops kennicottii,own,,,2025-12-24T16:10:23-07:00,folder:Western-Screech-Owl,bird
/Volumes/Media/bird/Western-Screech-Owl/DSC02704.ARW,Megascops kennicottii,own,,,2025-12-24T16:10:24-07:00,folder:Western-Screech-Owl,bird
/Volumes/Media/bird/Western-Screech-Owl/DSC02705.ARW,Megascops kennicottii,own,,,2025-12-24T16:10:25-07:00,folder:Western-Screech-Owl,bird
/Volumes/Media/bird/Western-Screech-Owl/DSC02706.ARW,Megascops kennicottii,own,,,2025-12-24T16:10:26-07:00,folder:Western-Screech-Owl,bird
/Volumes/Media/bird/Western-Screech-Owl/DSC02707.ARW,Megascops kennicottii,own,,,2025-12-24T16:10:27-07:00,folder:Western-Screech-Owl,bird
/Volumes/Media/bird/Western-Screech-Owl/DSC02708.ARW,Megascops kennicottii,own,,,2025-12-24T16:10:29-07:00,folder:Western-Screech-Owl,bird
/Volumes/Media/bird/Western-Screech-Owl/DSC02709.ARW,Megascops kennicottii,own,,,2025-12-24T16:10:29-07:00,folder:Western-Screech-Owl,bird
/Volumes/Media/bird/Western-Screech-Owl/DSC02710.ARW,Megascops kennicottii,own,,,2025-12-24T16:10:31-07:00,folder:Western-Screech-Owl,bird
/Volumes/Media/bird/Western-Screech-Owl/DSC02711.ARW,Megascops kennicottii,own,,,2025-12-24T16:10:31-07:00,folder:Western-Screech-Owl,bird
/Volumes/Media/bird/Western-Screech-Owl/DSC02712.ARW,Megascops kennicottii,own,,,2025-12-24T16:10:32-07:00,folder:Western-Screech-Owl,bird
/Volumes/Media/bird/Western-Screech-Owl/DSC02713.ARW,Megascops kennicottii,own,,,2025-12-24T16:10:33-07:00,folder:Western-Screech-Owl,bird
/Volumes/Media/bird/Western-Screech-Owl/DSC02714.ARW,Megascops kennicottii,own,,,2025-12-24T16:10:35-07:00,folder:Western-Screech-Owl,bird
/Volumes/Media/bird/Western-Screech-Owl/DSC02715.ARW,Megascops kennicottii,own,,,2025-12-24T16:10:36-07:00,folder:Western-Screech-Owl,bird
/Volumes/Media/bird/Western-Screech-Owl/DSC02716.ARW,Megascops kennicottii,own,,,2025-12-24T16:10:37-07:00,folder:Western-Screech-Owl,bird
/Volumes/Media/bird/Western-Screech-Owl/DSC02717.ARW,Megascops kennicottii,own,,,2025-12-24T16:10:38-07:00,folder:Western-Screech-Owl,bird
/Volumes/Media/bird/Western-Screech-Owl/DSC02719.ARW,Megascops kennicottii,own,,,2025-12-24T16:10:40-07:00,folder:Western-Screech-Owl,bird
/Volumes/Media/bird/Western-Screech-Owl/DSC02720.ARW,Megascops kennicottii,own,,,2025-12-24T16:10:41-07:00,folder:Western-Screech-Owl,bird
/Volumes/Media/bird/Western-Screech-Owl/DSC02722.ARW,Megascops kennicottii,own,,,2025-12-24T16:10:43-07:00,folder:Western-Screech-Owl,bird
/Volumes/Media/bird/Western-Screech-Owl/DSC02723.ARW,Megascops kennicottii,own,,,2025-12-24T16:10:44-07:00,folder:Western-Screech-Owl,bird
/Volumes/Media/bird/Western-Screech-Owl/DSC02724.ARW,Megascops kennicottii,own,,,2025-12-24T16:10:45-07:00,folder:Western-Screech-Owl,bird
/Volumes/Media/bird/Western-Screech-Owl/DSC02725.ARW,Megascops kennicottii,own,,,2025-12-24T16:10:46-07:00,folder:Western-Screech-Owl,bird
/Volumes/Media/bird/Western-Screech-Owl/DSC02726.ARW,Megascops kennicottii,own,,,2025-12-24T16:10:47-07:00,folder:Western-Screech-Owl,bird
/Volumes/Media/bird/Western-Screech-Owl/DSC02727.ARW,Megascops kennicottii,own,,,2025-12-24T16:10:48-07:00,folder:Western-Screech-Owl,bird
/Volumes/Media/bird/Western-Screech-Owl/DSC02728.ARW,Megascops kennicottii,own,,,2025-12-24T16:10:49-07:00,folder:Western-Screech-Owl,bird
/Volumes/Media/bird/Western-Screech-Owl/DSC02729.ARW,Megascops kennicottii,own,,,2025-12-24T16:10:50-07:00,folder:Western-Screech-Owl,bird
/Volumes/Media/bird/Western-Screech-Owl/DSC02730.ARW,Megascops kennicottii,own,,,2025-12-24T16:10:51-07:00,folder:Western-Screech-Owl,bird
/Volumes/Media/bird/Western-Screech-Owl/DSC02731.ARW,Megascops kennicottii,own,,,2025-12-24T16:10:52-07:00,folder:Western-Screech-Owl,bird
/Volumes/Media/bird/Western-Screech-Owl/DSC02732.ARW,Megascops kennicottii,own,,,2025-12-24T16:10:53-07:00,folder:Western-Screech-Owl,bird
/Volumes/Media/bird/Western-Screech-Owl/DSC02733.ARW,Megascops kennicottii,own,,,2025-12-24T16:10:54-07:00,folder:Western-Screech-Owl,bird
/Volumes/Media/bird/Western-Screech-Owl/DSC02734.ARW,Megascops kennicottii,own,,,2025-12-24T16:10:55-07:00,folder:Western-Screech-Owl,bird
/Volumes/Media/bird/Western-Screech-Owl/DSC02735.ARW,Megascops kennicottii,own,,,2025-12-24T16:10:56-07:00,folder:Western-Screech-Owl,bird
/Volumes/Media/bird/Western-Screech-Owl/DSC02736.ARW,Megascops kennicottii,own,,,2025-12-24T16:10:57-07:00,folder:Western-Screech-Owl,bird
/Volumes/Media/bird/Western-Screech-Owl/DSC02737.ARW,Megascops kennicottii,own,,,2025-12-24T16:10:58-07:00,folder:Western-Screech-Owl,bird
/Volumes/Media/bird/Western-Screech-Owl/DSC02738.ARW,Megascops kennicottii,own,,,2025-12-24T16:10:59-07:00,folder:Western-Screech-Owl,bird
/Volumes/Media/bird/Western-Screech-Owl/DSC02739.ARW,Megascops kennicottii,own,,,2025-12-24T16:11:00-07:00,folder:Western-Screech-Owl,bird
/Volumes/Media/bird/Western-Screech-Owl/DSC02740.ARW,Megascops kennicottii,own,,,2025-12-24T16:11:01-07:00,folder:Western-Screech-Owl,bird
/Volumes/Media/bird/Western-Screech-Owl/DSC02741.ARW,Megascops kennicottii,own,,,2025-12-24T16:11:02-07:00,folder:Western-Screech-Owl,bird
/Volumes/Media/bird/Western-Screech-Owl/DSC02742.ARW,Megascops kennicottii,own,,,2025-12-24T16:11:03-07:00,folder:Western-Screech-Owl,bird
/Volumes/Media/bird/Western-Screech-Owl/DSC02743.ARW,Megascops kennicottii,own,,,2025-12-24T16:11:04-07:00,folder:Western-Screech-Owl,bird
/Volumes/Media/bird/Western-Screech-Owl/DSC02744.ARW,Megascops kennicottii,own,,,2025-12-24T16:11:05-07:00,folder:Western-Screech-Owl,bird
/Volumes/Media/bird/Western-Screech-Owl/DSC02745.ARW,Megascops kennicottii,own,,,2025-12-24T16:11:06-07:00,folder:Western-Screech-Owl,bird
/Volumes/Media/bird/Western-Screech-Owl/DSC02746.ARW,Megascops kennicottii,own,,,2025-12-24T16:11:07-07:00,folder:Western-Screech-Owl,bird
/Volumes/Media/bird/Western-Screech-Owl/DSC02747.ARW,Megascops kennicottii,own,,,2025-12-24T16:11:08-07:00,folder:Western-Screech-Owl,bird
/Volumes/Media/bird/Western-Screech-Owl/DSC02748.ARW,Megascops kennicottii,own,,,2025-12-24T16:11:09-07:00,folder:Western-Screech-Owl,bird
/Volumes/Media/bird/Western-Screech-Owl/DSC02749.ARW,Megascops kennicottii,own,,,2025-12-24T16:11:42-07:00,folder:Western-Screech-Owl,bird
/Volumes/Media/bird/Western-Screech-Owl/DSC02750.ARW,Megascops kennicottii,own,,,2025-12-24T16:11:43-07:00,folder:Western-Screech-Owl,bird
/Volumes/Media/bird/Western-Screech-Owl/DSC02751.ARW,Megascops kennicottii,own,,,2025-12-24T16:11:44-07:00,folder:Western-Screech-Owl,bird
/Volumes/Media/bird/Western-Screech-Owl/DSC02752.ARW,Megascops kennicottii,own,,,2025-12-24T16:11:45-07:00,folder:Western-Screech-Owl,bird
/Volumes/Media/bird/Western-Screech-Owl/DSC02753.ARW,Megascops kennicottii,own,,,2025-12-24T16:11:46-07:00,folder:Western-Screech-Owl,bird
/Volumes/Media/bird/Western-Screech-Owl/DSC02754.ARW,Megascops kennicottii,own,,,2025-12-24T16:11:47-07:00,folder:Western-Screech-Owl,bird
/Volumes/Media/bird/Western-Screech-Owl/DSC02755.ARW,Megascops kennicottii,own,,,2025-12-24T16:11:48-07:00,folder:Western-Screech-Owl,bird
/Volumes/Media/bird/Western-Screech-Owl/DSC02756.ARW,Megascops kennicottii,own,,,2025-12-24T16:11:49-07:00,folder:Western-Screech-Owl,bird
/Volumes/Media/bird/Western-Screech-Owl/DSC02757.ARW,Megascops kennicottii,own,,,2025-12-24T16:11:50-07:00,folder:Western-Screech-Owl,bird
/Volumes/Media/bird/Western-Screech-Owl/DSC02758.ARW,Megascops kennicottii,own,,,2025-12-24T16:11:51-07:00,folder:Western-Screech-Owl,bird
/Volumes/Media/bird/Western-Screech-Owl/DSC02759.ARW,Megascops kennicottii,own,,,2025-12-24T16:12:03-07:00,folder:Western-Screech-Owl,bird
/Volumes/Media/bird/Western-Screech-Owl/DSC02760.ARW,Megascops kennicottii,own,,,2025-12-24T16:12:04-07:00,folder:Western-Screech-Owl,bird
/Volumes/Media/bird/Western-Screech-Owl/DSC02761.ARW,Megascops kennicottii,own,,,2025-12-24T16:12:06-07:00,folder:Western-Screech-Owl,bird
/Volumes/Media/bird/Western-Screech-Owl/DSC02762.ARW,Megascops kennicottii,own,,,2025-12-24T16:19:12-07:00,folder:Western-Screech-Owl,bird
/Volumes/Media/bird/Western-Screech-Owl/DSC02763.ARW,Megascops kennicottii,own,,,2025-12-24T16:19:14-07:00,folder:Western-Screech-Owl,bird
/Volumes/Media/bird/Western-Screech-Owl/DSC02764.ARW,Megascops kennicottii,own,,,2025-12-24T16:19:15-07:00,folder:Western-Screech-Owl,bird
/Volumes/Media/bird/Western-Screech-Owl/DSC02765.ARW,Megascops kennicottii,own,,,2025-12-24T16:19:16-07:00,folder:Western-Screech-Owl,bird
/Volumes/Media/bird/Western-Screech-Owl/DSC02766.ARW,Megascops kennicottii,own,,,2025-12-24T16:19:17-07:00,folder:Western-Screech-Owl,bird
/Volumes/Media/bird/Western-Screech-Owl/DSC02767.ARW,Megascops kennicottii,own,,,2025-12-24T16:19:18-07:00,folder:Western-Screech-Owl,bird
/Volumes/Media/bird/Western-Screech-Owl/DSC02768.ARW,Megascops kennicottii,own,,,2025-12-24T16:19:19-07:00,folder:Western-Screech-Owl,bird
/Volumes/Media/bird/Western-Screech-Owl/DSC02769.ARW,Megascops kennicottii,own,,,2025-12-24T16:19:20-07:00,folder:Western-Screech-Owl,bird
/Volumes/Media/bird/Western-Screech-Owl/DSC02770.ARW,Megascops kennicottii,own,,,2025-12-24T16:19:41-07:00,folder:Western-Screech-Owl,bird
/Volumes/Media/bird/Western-Screech-Owl/DSC02771.ARW,Megascops kennicottii,own,,,2025-12-24T16:19:42-07:00,folder:Western-Screech-Owl,bird
/Volumes/Media/bird/Western-Screech-Owl/DSC02774.ARW,Megascops kennicottii,own,,,2025-12-24T16:19:46-07:00,folder:Western-Screech-Owl,bird
/Volumes/Media/bird/Western-Screech-Owl/DSC02775.ARW,Megascops kennicottii,own,,,2025-12-24T16:19:47-07:00,folder:Western-Screech-Owl,bird
/Volumes/Media/bird/Western-Screech-Owl/DSC02776.ARW,Megascops kennicottii,own,,,2025-12-24T16:19:48-07:00,folder:Western-Screech-Owl,bird
/Volumes/Media/bird/Western-Screech-Owl/DSC02777.ARW,Megascops kennicottii,own,,,2025-12-24T16:19:49-07:00,folder:Western-Screech-Owl,bird
/Volumes/Media/bird/Western-Screech-Owl/DSC02780.ARW,Megascops kennicottii,own,,,2025-12-24T16:19:52-07:00,folder:Western-Screech-Owl,bird
/Volumes/Media/bird/Western-Screech-Owl/DSC02781.ARW,Megascops kennicottii,own,,,2025-12-24T16:19:53-07:00,folder:Western-Screech-Owl,bird
/Volumes/Media/bird/Western-Screech-Owl/DSC02782.ARW,Megascops kennicottii,own,,,2025-12-24T16:19:54-07:00,folder:Western-Screech-Owl,bird
/Volumes/Media/bird/Western-Screech-Owl/DSC02783.ARW,Megascops kennicottii,own,,,2025-12-24T16:19:55-07:00,folder:Western-Screech-Owl,bird
/Volumes/Media/bird/Western-Screech-Owl/DSC02784.ARW,Megascops kennicottii,own,,,2025-12-24T16:19:56-07:00,folder:Western-Screech-Owl,bird
/Volumes/Media/bird/Western-Screech-Owl/DSC02785.ARW,Megascops kennicottii,own,,,2025-12-24T16:19:57-07:00,folder:Western-Screech-Owl,bird
/Volumes/Media/bird/Western-Screech-Owl/DSC02787.ARW,Megascops kennicottii,own,,,2025-12-24T16:31:19-07:00,folder:Western-Screech-Owl,bird
/Volumes/Media/bird/Western-Screech-Owl/DSC02789.ARW,Megascops kennicottii,own,,,2025-12-24T16:31:19-07:00,folder:Western-Screech-Owl,bird
/Volumes/Media/bird/Western-Screech-Owl/DSC02790.ARW,Megascops kennicottii,own,,,2025-12-24T16:31:20-07:00,folder:Western-Screech-Owl,bird
/Volumes/Media/bird/Western-Screech-Owl/DSC02791.ARW,Megascops kennicottii,own,,,2025-12-24T16:31:20-07:00,folder:Western-Screech-Owl,bird
/Volumes/Media/bird/Western-Screech-Owl/DSC02792.ARW,Megascops kennicottii,own,,,2025-12-24T16:31:20-07:00,folder:Western-Screech-Owl,bird
/Volumes/Media/bird/Western-Screech-Owl/DSC02793.ARW,Megascops kennicottii,own,,,2025-12-24T16:31:20-07:00,folder:Western-Screech-Owl,bird
/Volumes/Media/bird/Western-Screech-Owl/DSC02794.ARW,Megascops kennicottii,own,,,2025-12-24T16:31:20-07:00,folder:Western-Screech-Owl,bird
/Volumes/Media/bird/Western-Screech-Owl/DSC02795.ARW,Megascops kennicottii,own,,,2025-12-24T16:31:20-07:00,folder:Western-Screech-Owl,bird
/Volumes/Media/bird/Western-Screech-Owl/DSC02796.ARW,Megascops kennicottii,own,,,2025-12-24T16:31:21-07:00,folder:Western-Screech-Owl,bird
/Volumes/Media/bird/Western-Screech-Owl/DSC02798.ARW,Megascops kennicottii,own,,,2025-12-24T16:31:23-07:00,folder:Western-Screech-Owl,bird
/Volumes/Media/bird/Western-Screech-Owl/DSC02800.ARW,Megascops kennicottii,own,,,2025-12-24T16:31:38-07:00,folder:Western-Screech-Owl,bird
/Volumes/Media/bird/Western-Screech-Owl/DSC02802.ARW,Megascops kennicottii,own,,,2025-12-24T16:31:38-07:00,folder:Western-Screech-Owl,bird
/Volumes/Media/bird/Western-Screech-Owl/DSC02803.ARW,Megascops kennicottii,own,,,2025-12-24T16:31:40-07:00,folder:Western-Screech-Owl,bird
/Volumes/Media/bird/Western-Screech-Owl/DSC02805.ARW,Megascops kennicottii,own,,,2025-12-24T16:31:51-07:00,folder:Western-Screech-Owl,bird
/Volumes/Media/bird/Western-Screech-Owl/DSC02807.ARW,Megascops kennicottii,own,,,2025-12-24T16:31:51-07:00,folder:Western-Screech-Owl,bird
/Volumes/Media/bird/Western-Screech-Owl/DSC02808.ARW,Megascops kennicottii,own,,,2025-12-24T16:31:52-07:00,folder:Western-Screech-Owl,bird
/Volumes/Media/bird/Western-Screech-Owl/DSC02809.ARW,Megascops kennicottii,own,,,2025-12-24T16:31:52-07:00,folder:Western-Screech-Owl,bird
/Volumes/Media/bird/Western-Screech-Owl/DSC02810.ARW,Megascops kennicottii,own,,,2025-12-24T16:31:52-07:00,folder:Western-Screech-Owl,bird
/Volumes/Media/bird/Western-Screech-Owl/DSC02811.ARW,Megascops kennicottii,own,,,2025-12-24T16:31:52-07:00,folder:Western-Screech-Owl,bird
/Volumes/Media/bird/Western-Screech-Owl/DSC02812.ARW,Megascops kennicottii,own,,,2025-12-24T16:31:52-07:00,folder:Western-Screech-Owl,bird
/Volumes/Media/bird/Western-Screech-Owl/DSC02813.ARW,Megascops kennicottii,own,,,2025-12-24T16:31:52-07:00,folder:Western-Screech-Owl,bird
/Volumes/Media/bird/Western-Screech-Owl/DSC02817.ARW,Megascops kennicottii,own,,,2025-12-24T16:31:54-07:00,folder:Western-Screech-Owl,bird
/Volumes/Media/bird/Western-Screech-Owl/DSC02818.ARW,Megascops kennicottii,own,,,2025-12-24T16:31:54-07:00,folder:Western-Screech-Owl,bird
/Volumes/Media/bird/Western-Screech-Owl/DSC02819.ARW,Megascops kennicottii,own,,,2025-12-24T16:31:54-07:00,folder:Western-Screech-Owl,bird
/Volumes/Media/bird/Western-Screech-Owl/DSC02820.ARW,Megascops kennicottii,own,,,2025-12-24T16:31:54-07:00,folder:Western-Screech-Owl,bird
/Volumes/Media/bird/Western-Screech-Owl/DSC02821.ARW,Megascops kennicottii,own,,,2025-12-24T16:31:54-07:00,folder:Western-Screech-Owl,bird
/Volumes/Media/bird/Western-Screech-Owl/DSC02822.ARW,Megascops kennicottii,own,,,2025-12-24T16:31:55-07:00,folder:Western-Screech-Owl,bird
/Volumes/Media/bird/Western-Screech-Owl/DSC02823.ARW,Megascops kennicottii,own,,,2025-12-24T16:31:55-07:00,folder:Western-Screech-Owl,bird
/Volumes/Media/bird/Western-Screech-Owl/DSC02824.ARW,Megascops kennicottii,own,,,2025-12-24T16:31:55-07:00,folder:Western-Screech-Owl,bird
/Volumes/Media/bird/Western-Screech-Owl/DSC02825.ARW,Megascops kennicottii,own,,,2025-12-24T16:31:55-07:00,folder:Western-Screech-Owl,bird
/Volumes/Media/bird/Western-Screech-Owl/DSC02826.ARW,Megascops kennicottii,own,,,2025-12-24T16:31:55-07:00,folder:Western-Screech-Owl,bird
/Volumes/Media/bird/Western-Screech-Owl/DSC02828.ARW,Megascops kennicottii,own,,,2025-12-24T16:31:56-07:00,folder:Western-Screech-Owl,bird
/Volumes/Media/bird/Western-Screech-Owl/DSC02829.ARW,Megascops kennicottii,own,,,2025-12-24T16:31:56-07:00,folder:Western-Screech-Owl,bird
/Volumes/Media/bird/Western-Screech-Owl/DSC02830.ARW,Megascops kennicottii,own,,,2025-12-24T16:31:56-07:00,folder:Western-Screech-Owl,bird
/Volumes/Media/bird/Western-Screech-Owl/DSC02831.ARW,Megascops kennicottii,own,,,2025-12-24T16:31:59-07:00,folder:Western-Screech-Owl,bird
/Volumes/Media/bird/Western-Screech-Owl/DSC02832.ARW,Megascops kennicottii,own,,,2025-12-24T16:31:59-07:00,folder:Western-Screech-Owl,bird
/Volumes/Media/bird/Western-Screech-Owl/DSC02833.ARW,Megascops kennicottii,own,,,2025-12-24T16:31:59-07:00,folder:Western-Screech-Owl,bird
/Volumes/Media/bird/Western-Screech-Owl/DSC02834.ARW,Megascops kennicottii,own,,,2025-12-24T16:33:29-07:00,folder:Western-Screech-Owl,bird
/Volumes/Media/bird/Western-Screech-Owl/DSC02835.ARW,Megascops kennicottii,own,,,2025-12-24T16:33:29-07:00,folder:Western-Screech-Owl,bird
/Volumes/Media/bird/Western-Screech-Owl/DSC02836.ARW,Megascops kennicottii,own,,,2025-12-24T16:33:31-07:00,folder:Western-Screech-Owl,bird
/Volumes/Media/bird/Western-Screech-Owl/DSC02837.ARW,Megascops kennicottii,own,,,2025-12-24T16:33:31-07:00,folder:Western-Screech-Owl,bird
/Volumes/Media/bird/Western-Screech-Owl/DSC02838.ARW,Megascops kennicottii,own,,,2025-12-24T16:33:31-07:00,folder:Western-Screech-Owl,bird
/Volumes/Media/bird/Western-Screech-Owl/DSC02839.ARW,Megascops kennicottii,own,,,2025-12-24T16:33:31-07:00,folder:Western-Screech-Owl,bird
/Volumes/Media/bird/Western-Screech-Owl/DSC02840.ARW,Megascops kennicottii,own,,,2025-12-24T16:33:36-07:00,folder:Western-Screech-Owl,bird
/Volumes/Media/bird/Western-Screech-Owl/DSC02841.ARW,Megascops kennicottii,own,,,2025-12-24T16:33:36-07:00,folder:Western-Screech-Owl,bird
/Volumes/Media/bird/Western-Screech-Owl/DSC02842.ARW,Megascops kennicottii,own,,,2025-12-24T16:33:36-07:00,folder:Western-Screech-Owl,bird
/Volumes/Media/bird/Western-Screech-Owl/DSC02843.ARW,Megascops kennicottii,own,,,2025-12-24T16:33:38-07:00,folder:Western-Screech-Owl,bird
/Volumes/Media/bird/Western-Screech-Owl/DSC02844.ARW,Megascops kennicottii,own,,,2025-12-24T16:33:38-07:00,folder:Western-Screech-Owl,bird
/Volumes/Media/bird/Western-Screech-Owl/DSC02845.ARW,Megascops kennicottii,own,,,2025-12-24T16:33:38-07:00,folder:Western-Screech-Owl,bird
/Volumes/Media/bird/Western-Screech-Owl/DSC02846.ARW,Megascops kennicottii,own,,,2025-12-24T16:33:45-07:00,folder:Western-Screech-Owl,bird
/Volumes/Media/bird/Western-Screech-Owl/DSC02847.ARW,Megascops kennicottii,own,,,2025-12-24T16:33:54-07:00,folder:Western-Screech-Owl,bird
/Volumes/Media/bird/Western-Screech-Owl/DSC02848.ARW,Megascops kennicottii,own,,,2025-12-24T16:33:54-07:00,folder:Western-Screech-Owl,bird
/Volumes/Media/bird/Western-Screech-Owl/DSC02849.ARW,Megascops kennicottii,own,,,2025-12-24T16:33:55-07:00,folder:Western-Screech-Owl,bird
/Volumes/Media/bird/Western-Screech-Owl/DSC02850.ARW,Megascops kennicottii,own,,,2025-12-24T16:33:56-07:00,folder:Western-Screech-Owl,bird
/Volumes/Media/bird/Western-Screech-Owl/DSC02851.ARW,Megascops kennicottii,own,,,2025-12-24T16:33:56-07:00,folder:Western-Screech-Owl,bird
/Volumes/Media/bird/Western-Screech-Owl/DSC02852.ARW,Megascops kennicottii,own,,,2025-12-24T16:33:56-07:00,folder:Western-Screech-Owl,bird
/Volumes/Media/bird/Western-Screech-Owl/DSC02854.ARW,Megascops kennicottii,own,,,2025-12-24T16:33:58-07:00,folder:Western-Screech-Owl,bird
/Volumes/Media/bird/Western-Screech-Owl/DSC02855.ARW,Megascops kennicottii,own,,,2025-12-24T16:33:58-07:00,folder:Western-Screech-Owl,bird
/Volumes/Media/bird/Western-Screech-Owl/DSC02856.ARW,Megascops kennicottii,own,,,2025-12-24T16:33:58-07:00,folder:Western-Screech-Owl,bird
/Volumes/Media/bird/Western-Screech-Owl/DSC02857.ARW,Megascops kennicottii,own,,,2025-12-24T16:34:10-07:00,folder:Western-Screech-Owl,bird
/Volumes/Media/bird/Western-Screech-Owl/DSC02858.ARW,Megascops kennicottii,own,,,2025-12-24T16:34:10-07:00,folder:Western-Screech-Owl,bird
/Volumes/Media/bird/Western-Screech-Owl/DSC02859.ARW,Megascops kennicottii,own,,,2025-12-24T16:34:10-07:00,folder:Western-Screech-Owl,bird
/Volumes/Media/bird/Western-Screech-Owl/DSC02860.ARW,Megascops kennicottii,own,,,2025-12-24T16:34:11-07:00,folder:Western-Screech-Owl,bird
/Volumes/Media/bird/Western-Screech-Owl/DSC02861.ARW,Megascops kennicottii,own,,,2025-12-24T16:34:12-07:00,folder:Western-Screech-Owl,bird
/Volumes/Media/bird/Western-Screech-Owl/DSC02862.ARW,Megascops kennicottii,own,,,2025-12-24T16:34:13-07:00,folder:Western-Screech-Owl,bird
/Volumes/Media/bird/Western-Screech-Owl/DSC02863.ARW,Megascops kennicottii,own,,,2025-12-24T16:34:13-07:00,folder:Western-Screech-Owl,bird
/Volumes/Media/bird/Western-Screech-Owl/DSC02864.ARW,Megascops kennicottii,own,,,2025-12-24T16:34:14-07:00,folder:Western-Screech-Owl,bird
/Volumes/Media/bird/Western-Screech-Owl/DSC02865.ARW,Megascops kennicottii,own,,,2025-12-24T16:34:15-07:00,folder:Western-Screech-Owl,bird
/Volumes/Media/bird/Western-Screech-Owl/DSC02866.ARW,Megascops kennicottii,own,,,2025-12-24T16:34:15-07:00,folder:Western-Screech-Owl,bird
/Volumes/Media/bird/Western-Screech-Owl/DSC02867.ARW,Megascops kennicottii,own,,,2025-12-24T16:34:15-07:00,folder:Western-Screech-Owl,bird
